rep1.stat,rep1.pval,rep2.stat,rep2.pval,rep3.stat,rep3.pval,mean.rep1.c1,mean.rep1.c2,mean.rep2.c1,mean.rep2.c2,mean.rep3.c1,mean.rep3.c2,sd.rep1.c1,sd.rep1.c2,sd.rep2.c1,sd.rep2.c2,sd.rep3.c1,sd.rep3.c2,rep1.ratio,rep2.ratio,rep3.ratio,rep1.FC,rep2.FC,rep3.FC,condition,seed
0.036798594,0,0.019786549,0,0.029744849,0,113673.4795,39673.53033,135748.1877,48842.61676,47443.85982,135034.7352,29017.68136,12170.07716,35625.03261,15700.00311,15588.82269,30259.46517,0.349013073,0.359803085,0.351345598,-0.650986927,-0.640196915,-0.648654402,NLIM-PRO,seed4
0.002048944,0.996196295,0.002005412,0.996905085,0.002453209,0.990633738,145004.0638,79056.57668,81837.56661,162867.8017,75572.48796,147671.6447,29115.68459,22735.99581,23061.27206,35294.06145,20798.68812,28896.87827,0.54520249,0.502478487,0.511760319,-0.45479751,-0.497521513,-0.488239681,NLIM-GLN,seed2
0.008081713,0.000194783,0.010504532,0,0.018569602,0,116175.0204,50565.16006,135216.4574,59211.18778,58763.21778,135875.327,28923.31525,15495.71078,34115.54472,16383.99694,14877.33406,30489.81362,0.435249849,0.437899268,0.432478943,-0.564750151,-0.562100732,-0.567521057,NLIM-GLU,seed1
0.010247019,0,0.003276118,0.782655505,0.00322254,0.801182124,121217.1756,54942.84273,143470.2936,66969.88306,64571.81757,136500.1181,30933.13834,16152.39265,35256.32287,18962.14021,18385.09538,29953.96994,0.453259552,0.466785711,0.473053199,-0.546740448,-0.533214289,-0.526946801,NLIM-NH4,seed2
0.027157724,0,0.006684013,0.005127829,0.012691729,0,42290.85625,110428.5381,128716.9204,49919.80426,47262.74028,127370.2691,12976.56528,27792.04848,36152.1949,14530.36058,14421.03873,32028.58415,0.382970353,0.387826279,0.371065717,-0.617029647,-0.612173721,-0.628934283,NLIM-UREA,seed1
0.02741363,0,0.014906552,0,0.020847527,0,114329.2382,45192.39563,136567.4378,52534.71269,136134.8365,54636.45722,30518.62615,12944.37936,36984.71194,15067.9501,32077.22869,14627.08411,0.395282925,0.384679639,0.401340749,-0.604717075,-0.615320361,-0.598659251,NLIM-ALA,seed2
0.017934377,0,0.006168712,0.015974984,0.009278673,8.92E-06,51203.85981,113868.1004,56952.55403,131079.2018,55832.36031,129089.7144,14766.667,27569.23832,15607.12041,34546.8732,15187.04585,30330.11437,0.449676948,0.434489631,0.432508202,-0.550323052,-0.565510369,-0.567491798,NLIM-ASP,seed3
0.034250915,0,0.018822319,0,0.016652404,0,41663.562,118215.1533,137476.8597,51774.91999,54291.28132,137622.4249,12723.29327,28711.00524,35728.98448,14205.62949,15305.76291,31137.04588,0.352438421,0.376608253,0.394494439,-0.647561579,-0.623391747,-0.605505561,NLIM-TRP,seed1
0.007048813,0.002583955,0.003968172,0.434667674,0.004156302,0.358412719,58195.62249,121310.038,76752.44939,150215.6945,145686.4732,74479.87544,13711.45943,27710.5755,17674.6426,33043.52048,28058.12863,18070.28841,0.479726356,0.510948271,0.51123398,-0.520273644,-0.489051729,-0.48876602,NLIM-MET,seed1
0.027969934,0,0.008846994,3.39E-05,0.011903278,0,116534.2296,45313.07303,135652.6938,56237.52909,131019.797,53831.45517,28899.45298,13984.97425,36232.88056,16598.03833,31898.27935,14843.34891,0.388839169,0.41456994,0.410865048,-0.611160831,-0.58543006,-0.589134952,NLIM-PHE,seed1
0.001938811,0.997748449,0.00211136,0.995388529,0.002694377,0.96652213,137753.4232,72083.45225,84226.90369,161715.7926,79530.66608,151541.3538,30439.85283,23409.68807,22659.30257,34348.85798,21361.95767,27388.6618,0.523278846,0.52083289,0.524811638,-0.476721154,-0.47916711,-0.475188362,NLIM-ARG,seed1
0.002985655,0.895741903,0.002014692,0.996657865,0.002426686,0.991669085,130699.6509,54912.7115,127302.2512,161900.4703,126297.6287,181000.1408,28862.98581,15289.11533,13573.72623,48255.56541,22867.63255,18792.93246,0.420144286,0.786299453,0.697776411,-0.579855714,-0.213700547,-0.302223589,NLIM-LYS,seed1
0.024657184,0,0.002596609,0.978768056,0.002544609,0.985473187,47885.42724,119156.0315,138640.1066,119611.7844,100536.664,161479.269,12942.88839,26074.61722,49291.4489,8959.064122,25513.84611,21996.39922,0.401871618,0.862750234,0.622597964,-0.598128382,-0.137249766,-0.377402036,NLIM-HIS,seed1
0.031033043,0,0.022807474,0,0.018463525,0,116099.9091,43106.99475,137084.9998,50488.13481,134566.8485,51589.54308,29430.17008,12630.83631,35659.12114,15246.99569,31843.75837,15369.94067,0.371292235,0.368298026,0.383374833,-0.628707765,-0.631701974,-0.616625167,NLIM-THR,seed1
0.018810105,0,0.004639872,0.190400844,0.01527346,0,117341.3472,44307.72931,72127.84543,154517.9605,139231.2458,57046.83277,28307.20871,13686.70578,22430.88918,33385.99687,30305.43367,16863.34292,0.377596903,0.466792632,0.409727231,-0.622403097,-0.533207368,-0.590272769,NLIM-GLY,seed1
0.023234721,0,0.006753111,0.004589904,0.011298465,0,43597.02421,109325.544,51591.38371,127022.3268,123812.8796,50065.89582,12216.4464,27993.69044,14382.49766,35278.17156,30944.74045,14181.41354,0.398781681,0.406159964,0.404367429,-0.601218319,-0.593840036,-0.595632571,NLIM-VAL,seed1
0.046808249,0,0.033775813,0,0.038967864,0,38079.00131,112984,139100.9063,44737.1193,45564.5847,137203.1035,11563.72799,27719.46376,36372.35836,14396.88045,13886.93656,31405.50939,0.337030034,0.321616303,0.332095875,-0.662969966,-0.678383697,-0.667904125,NLIM-LEU,seed1
0.001944918,0.997559812,0.001967949,0.997275669,0.001923906,0.998042513,97310.95838,138844.6823,169883.3442,110843.6076,157863.2677,107406.4633,12758.08019,27106.36212,29960.62089,16888.23382,21207.38945,16991.68834,0.700861976,0.652468952,0.680376536,-0.299138024,-0.347531048,-0.319623464,NLIM-CYS,seed1
0.004374926,0.270131825,0.003094552,0.852294867,0.002319213,0.992303935,127344.3333,64350.61522,63553.19645,136077.7081,132563.1544,63872.23032,29618.36043,18558.16209,17375.86048,34467.41355,29989.52841,17345.74149,0.50532767,0.467036058,0.481824913,-0.49467233,-0.532963942,-0.518175087,NLIM-ASN,seed1
0.034102748,0,0.013856187,0,0.011491009,0,42266.56152,111511.5157,51896.33532,133503.3398,130761.879,50944.76134,12536.59403,27602.06572,16027.11057,35195.40309,32760.88235,14812.17481,0.379033154,0.388726869,0.38959949,-0.620966846,-0.611273131,-0.61040051,NLIM-ILE,seed1
0.034268038,0,0.009132419,1.63E-05,0.011531847,0,40506.29871,110643.834,126375.716,48681.40395,126016.9639,49169.69709,13006.04695,26844.79096,34499.97762,14914.27202,30603.4817,15370.4757,0.366096304,0.385211696,0.390183159,-0.633903696,-0.614788304,-0.609816841,NLIM-TYR,seed1
0.003470097,0.676227789,0.002866681,0.926466993,0.002455735,0.99039976,56985.78586,120515.1982,66097.52497,141969.9919,140574.9728,68969.52296,17586.17855,30844.25774,18864.75648,34312.00614,29167.86623,19411.86255,0.472851447,0.465573915,0.49062448,-0.527148553,-0.534426085,-0.50937552,NLIM-SER,seed1
0.011636669,0,0.008376492,9.34E-05,0.005967862,0.022685239,116577.7715,50172.71654,139327.6063,59128.41946,135369.7733,60442.58944,29758.96111,15044.80913,36349.26798,17652.71869,31442.68727,16742.42227,0.430379788,0.42438409,0.446499894,-0.569620212,-0.57561591,-0.553500106,NLIM-GABA,seed1
0.002379332,0.991484518,0.002414419,0.990983578,0.005207596,0.092874408,55163.21811,125267.0039,77112.3552,165608.1572,77115.58567,157249.2789,17050.80652,32684.76696,22361.31519,37898.85299,22640.73992,28230.11351,0.440365111,0.465631383,0.49040343,-0.559634889,-0.534368617,-0.50959657,NLIM-ORN,seed1
0.0433552,0,0.02224392,0,0.023375018,0,36455.95904,106709.885,115144.8433,37962.1243,112151.1485,38112.2788,12150.24698,25178.09425,31440.78205,12611.92773,31569.96443,12299.13616,0.341636195,0.329690182,0.33982959,-0.658363805,-0.670309818,-0.66017041,NSTARVE,seed1
0.043530759,0,0.025916266,0,0.023591004,0,40799.96322,116775.105,132956.4758,49293.50998,49558.60424,141385.0169,11762.46215,29362.34289,30632.58827,14328.91149,14649.27916,38579.78395,0.349389223,0.370749222,0.350522321,-0.650610777,-0.629250778,-0.649477679,NREP-PRO,seed2
0.001822312,0.9992124,0.001933847,0.998031686,0.002383214,0.991368037,144493.5105,79326.56256,87170.9702,151837.9079,86998.99691,164958.7655,29554.41848,24333.93558,20660.01842,26571.85608,22112.27253,34738.93501,0.548997407,0.574105448,0.527398448,-0.451002593,-0.425894552,-0.472601552,NREP-GLN,seed2
0.00541751,0.056577886,0.003654329,0.581200084,0.001560662,1,114359.4308,53396.5898,66713.3904,130612.4048,71390.68319,146885.0997,29972.40538,15953.8516,17683.67749,28368.43519,20514.12638,34178.49738,0.466918989,0.51077377,0.486030805,-0.533081011,-0.48922623,-0.513969195,NREP-NH4,seed2
0.015168002,0,0.007270952,0.001444381,0.004324242,0.279234729,111466.7843,48359.94892,121223.274,53515.29673,132637.5101,60369.5275,27607.28145,13974.24577,29339.42632,14262.57433,35238.09092,16079.18053,0.433850758,0.441460579,0.455146719,-0.566149242,-0.558539421,-0.544853281,NREP-UREA,seed1
0.023043023,0,0.017464399,0,0.013411397,0,123064.9587,48592.41001,135336.5599,56635.3437,57245.05097,146033.3453,32602.09239,13357.80036,32303.58683,14583.47178,15765.74196,39363.11807,0.394851715,0.418477784,0.39199986,-0.605148285,-0.581522216,-0.60800014,NREP-ALA,seed5
0.002685406,0.963694498,0.003029902,0.883918326,0.002994812,0.885103482,74936.80148,131565.9128,155922.5086,91173.17688,91920.70532,167299.9412,17747.86584,24007.77196,25015.5235,20391.91088,21155.79692,32348.69552,0.569576115,0.584733902,0.549436567,-0.430423885,-0.415266098,-0.450563433,NREP-MET,seed1
0.001828503,0.999137339,0.002461735,0.990446331,0.001560552,1,131363.0283,68410.12253,144803.7026,80864.11936,82759.33391,156901.7311,29685.29988,20828.80055,27213.29161,20168.11958,20815.08092,33980.9859,0.520771509,0.558439583,0.527459661,-0.479228491,-0.441560417,-0.472540339,NREP-ARG,seed3
0.018664241,0,0.002995938,0.904612241,0.002472287,0.990262104,46491.73261,129535.5048,119438.8538,173247.0606,133030.0604,203030.9289,12721.54175,30739.11289,20755.9772,20672.53815,26092.32491,28939.9562,0.358911116,0.68941345,0.655220666,-0.641088884,-0.31058655,-0.344779334,NREP-LYS,seed1
0.044986262,0,0.026640367,0,0.021971906,0,43081.53635,121423.846,50943.09394,133271.3849,51944.19846,146900.3127,11539.18255,30832.20289,13274.77877,30254.51839,13827.90139,38732.65496,0.35480293,0.382250803,0.353601687,-0.64519707,-0.617749197,-0.646398313,NREP-THR,seed5
0.01755441,0,0.006653744,0.005681977,0.004308116,0.286052166,50807.48545,116220.0782,59656.74543,130758.216,136967.1558,61193.04369,14980.82517,29011.50322,18052.78692,28963.86394,35231.76534,18007.50808,0.437166161,0.456237071,0.446771661,-0.562833839,-0.543762929,-0.553228339,NREP-VAL,seed1
0.05834365,0,0.022447803,0,0.019715574,0,116545.9139,39251.44213,46383.57558,136275.2407,47874.36617,150061.1133,27728.73141,10850.28732,12763.88599,30438.05732,13236.57968,38233.5688,0.336789518,0.340366859,0.31903246,-0.663210482,-0.659633141,-0.68096754,NREP-LEU,seed1
0.002182924,0.99409726,0.001926259,0.997743456,0.002193406,0.993906172,87204.47128,126347.1341,90482.49419,130522.514,156933.6251,100265.0172,12897.46152,19901.06739,14360.90669,19987.50561,28228.95573,17418.42283,0.690197462,0.693232849,0.638900791,-0.309802538,-0.306767151,-0.361099209,NREP-CYS,seed1
0.036969306,0,0.016115258,0,0.019134276,0,42676.03581,114734.2882,49945.91993,124836.4819,49366.53852,125873.1897,11600.42043,27104.88151,14085.20327,29165.7789,13379.53185,32982.59909,0.37195538,0.400090736,0.392192639,-0.62804462,-0.599909264,-0.607807361,NREP-ILE,seed1
0.004435429,0.245595362,0.00228515,0.992806963,0.002088163,0.995519271,113351.4451,51496.95955,125874.3705,61071.41431,70459.03823,142483.0386,29123.05146,15293.16693,29375.95709,16921.41124,20332.45044,34168.94009,0.454312334,0.485177515,0.494508251,-0.545687666,-0.514822485,-0.505491749,NREP-SER,seed2
0.020213326,0,0.009884035,0,0.024003607,0,118104.4338,45834.57308,131988.3679,55698.87376,53925.87032,133564.9405,28701.47859,13685.41894,30685.5332,15204.81727,14778.36875,35419.85586,0.388085118,0.421998352,0.403742705,-0.611914882,-0.578001648,-0.596257295,NREP-GABA,seed1